Metric,Value
Points,10000
StartPrice,98.909330
EndPrice,16.166429
TotalReturn,-0.836553
FD_All,0.798395
FD_Last1000,0.398008
FD_Last500,0.335607
